<metadata xml:lang="en">
	<Esri>
		<CreaDate>20200504</CreaDate>
		<CreaTime>14353000</CreaTime>
		<ArcGISFormat>1.0</ArcGISFormat>
		<SyncOnce>FALSE</SyncOnce>
		<DataProperties>
			<itemProps>
				<itemName Sync="TRUE">RoadCenterline</itemName>
				<imsContentType Sync="TRUE">002</imsContentType>
				<itemLocation>
					<linkage Sync="TRUE">file://\\g46palgdrftp001\Z\var\ftp\gdrs_temp\update\us_mn_state_metrogis\trans_road_centerlines_gac\shp\RoadCenterline.shp</linkage>
					<protocol Sync="TRUE">Local Area Network</protocol>
				</itemLocation>
				<itemSize Sync="TRUE">0.000</itemSize>
			</itemProps>
			<coordRef>
				<type Sync="TRUE">Projected</type>
				<geogcsn Sync="TRUE">GCS_North_American_1983</geogcsn>
				<csUnits Sync="TRUE">Linear Unit: Meter (1.000000)</csUnits>
				<projcsn Sync="TRUE">NAD_1983_UTM_Zone_15N</projcsn>
				<peXml Sync="TRUE">&lt;ProjectedCoordinateSystem xsi:type='typens:ProjectedCoordinateSystem' xmlns:xsi='http://www.w3.org/2001/XMLSchema-instance' xmlns:xs='http://www.w3.org/2001/XMLSchema' xmlns:typens='http://www.esri.com/schemas/ArcGIS/10.4'&gt;&lt;WKT&gt;PROJCS[&amp;quot;NAD_1983_UTM_Zone_15N&amp;quot;,GEOGCS[&amp;quot;GCS_North_American_1983&amp;quot;,DATUM[&amp;quot;D_North_American_1983&amp;quot;,SPHEROID[&amp;quot;GRS_1980&amp;quot;,6378137.0,298.257222101]],PRIMEM[&amp;quot;Greenwich&amp;quot;,0.0],UNIT[&amp;quot;Degree&amp;quot;,0.0174532925199433]],PROJECTION[&amp;quot;Transverse_Mercator&amp;quot;],PARAMETER[&amp;quot;False_Easting&amp;quot;,500000.0],PARAMETER[&amp;quot;False_Northing&amp;quot;,0.0],PARAMETER[&amp;quot;Central_Meridian&amp;quot;,-93.0],PARAMETER[&amp;quot;Scale_Factor&amp;quot;,0.9996],PARAMETER[&amp;quot;Latitude_Of_Origin&amp;quot;,0.0],UNIT[&amp;quot;Meter&amp;quot;,1.0],AUTHORITY[&amp;quot;EPSG&amp;quot;,26915]]&lt;/WKT&gt;&lt;XOrigin&gt;-5120900&lt;/XOrigin&gt;&lt;YOrigin&gt;-9998100&lt;/YOrigin&gt;&lt;XYScale&gt;450445547.3910538&lt;/XYScale&gt;&lt;ZOrigin&gt;-100000&lt;/ZOrigin&gt;&lt;ZScale&gt;10000&lt;/ZScale&gt;&lt;MOrigin&gt;-100000&lt;/MOrigin&gt;&lt;MScale&gt;10000&lt;/MScale&gt;&lt;XYTolerance&gt;0.001&lt;/XYTolerance&gt;&lt;ZTolerance&gt;0.001&lt;/ZTolerance&gt;&lt;MTolerance&gt;0.001&lt;/MTolerance&gt;&lt;HighPrecision&gt;true&lt;/HighPrecision&gt;&lt;WKID&gt;26915&lt;/WKID&gt;&lt;LatestWKID&gt;26915&lt;/LatestWKID&gt;&lt;/ProjectedCoordinateSystem&gt;</peXml>
			</coordRef>
			<lineage>
				<Process ToolSource="c:\program files (x86)\arcgis\desktop10.7\ArcToolbox\Toolboxes\Data Management Tools.tbx\Append" Date="20200504" Time="145210">Append GISLibrary.DBO.RoadCenterlines RoadCenterline NO_TEST "ROADSEG_ID "Road Segment Unique Identifier" true true false 36 Text 0 0 ,First,#,GISLibrary.DBO.RoadCenterlines,ROADSEG_ID,-1,-1;ROUTE_ID "Route ID" true true false 18 Text 0 0 ,First,#,GISLibrary.DBO.RoadCenterlines,ROUTE_ID,-1,-1;ROUTE_SYS "Route System" true true false 2 Text 0 0 ,First,#,GISLibrary.DBO.RoadCenterlines,ROUTE_SYS,-1,-1;ROUTE_DIR "Route Direction" true true false 1 Text 0 0 ,First,#,GISLibrary.DBO.RoadCenterlines,ROUTE_DIR,-1,-1;LOC_STATE "Local to State" true true false 10 Text 0 0 ,First,#,GISLibrary.DBO.RoadCenterlines,LOC_STATE,-1,-1;PRIME_STAT "Primary Status" true true false 10 Text 0 0 ,First,#,GISLibrary.DBO.RoadCenterlines,PRIME_STAT,-1,-1;ST_PRE_MOD "Street Name Pre Modifier" true true false 15 Text 0 0 ,First,#,GISLibrary.DBO.RoadCenterlines,ST_PRE_MOD,-1,-1;ST_PRE_DIR "Street Name Pre Directional" true true false 9 Text 0 0 ,First,#,GISLibrary.DBO.RoadCenterlines,ST_PRE_DIR,-1,-1;ST_PRE_TYP "Street Name Pre Type" true true false 35 Text 0 0 ,First,#,GISLibrary.DBO.RoadCenterlines,ST_PRE_TYP,-1,-1;ST_PRE_SEP "Street Name Pre Separator" true true false 20 Text 0 0 ,First,#,GISLibrary.DBO.RoadCenterlines,ST_PRE_SEP,-1,-1;ST_NAME "Street Name" true true false 60 Text 0 0 ,First,#,GISLibrary.DBO.RoadCenterlines,ST_NAME,-1,-1;ST_POS_TYP "Street Name Post Type" true true false 15 Text 0 0 ,First,#,GISLibrary.DBO.RoadCenterlines,ST_POS_TYP,-1,-1;ST_POS_DIR "Street Name Post Directional" true true false 9 Text 0 0 ,First,#,GISLibrary.DBO.RoadCenterlines,ST_POS_DIR,-1,-1;ST_POS_MOD "Street Name Post Modifier" true true false 15 Text 0 0 ,First,#,GISLibrary.DBO.RoadCenterlines,ST_POS_MOD,-1,-1;ST_CONCAT "Street Name Full" true true false 150 Text 0 0 ,First,#,GISLibrary.DBO.RoadCenterlines,ST_CONCAT,-1,-1;ST_NAME_A1 "Alternate Street Name 1" true true false 150 Text 0 0 ,First,#,GISLibrary.DBO.RoadCenterlines,ST_NAME_A1,-1,-1;A1_MSAG_V "Alt 1 Legitimate MSAG Value" true true false 7 Text 0 0 ,First,#,GISLibrary.DBO.RoadCenterlines,A1_MSAG_V,-1,-1;ST_NAME_A2 "Alternate Street Name 2" true true false 150 Text 0 0 ,First,#,GISLibrary.DBO.RoadCenterlines,ST_NAME_A2,-1,-1;A2_MSAG_V "Alt 2 Legitimate MSAG Value" true true false 7 Text 0 0 ,First,#,GISLibrary.DBO.RoadCenterlines,A2_MSAG_V,-1,-1;ST_NAME_A3 "Alternate Street Name 3" true true false 150 Text 0 0 ,First,#,GISLibrary.DBO.RoadCenterlines,ST_NAME_A3,-1,-1;A3_MSAG_V "Alt 3 Legitimate MSAG Value" true true false 7 Text 0 0 ,First,#,GISLibrary.DBO.RoadCenterlines,A3_MSAG_V,-1,-1;ADD_FR_L "Left From Address" true true false 4 Long 0 0 ,First,#,GISLibrary.DBO.RoadCenterlines,ADD_FR_L,-1,-1;ADD_TO_L "Left To Address" true true false 4 Long 0 0 ,First,#,GISLibrary.DBO.RoadCenterlines,ADD_TO_L,-1,-1;ADD_FR_R "Right From Address" true true false 4 Long 0 0 ,First,#,GISLibrary.DBO.RoadCenterlines,ADD_FR_R,-1,-1;ADD_TO_R "Right To Address" true true false 4 Long 0 0 ,First,#,GISLibrary.DBO.RoadCenterlines,ADD_TO_R,-1,-1;PARITY_L "Left Parity" true true false 4 Text 0 0 ,First,#,GISLibrary.DBO.RoadCenterlines,PARITY_L,-1,-1;PARITY_R "Right Parity" true true false 4 Text 0 0 ,First,#,GISLibrary.DBO.RoadCenterlines,PARITY_R,-1,-1;ZIP_L "Left Zip Code" true true false 5 Text 0 0 ,First,#,GISLibrary.DBO.RoadCenterlines,ZIP_L,-1,-1;ZIP_R "Right Zip Code" true true false 5 Text 0 0 ,First,#,GISLibrary.DBO.RoadCenterlines,ZIP_R,-1,-1;CTU_NAME_L "Left CTU Name" true true false 100 Text 0 0 ,First,#,GISLibrary.DBO.RoadCenterlines,CTU_NAME_L,-1,-1;CTU_NAME_R "Right CTU Name" true true false 100 Text 0 0 ,First,#,GISLibrary.DBO.RoadCenterlines,CTU_NAME_R,-1,-1;CTU_ID_L "Left CTU Code" true true false 8 Text 0 0 ,First,#,GISLibrary.DBO.RoadCenterlines,CTU_ID_L,-1,-1;CTU_ID_R "Right CTU Code" true true false 8 Text 0 0 ,First,#,GISLibrary.DBO.RoadCenterlines,CTU_ID_R,-1,-1;POSTCOMM_L "Left Postal Community Name" true true false 40 Text 0 0 ,First,#,GISLibrary.DBO.RoadCenterlines,POSTCOMM_L,-1,-1;POSTCOMM_R "Right Postal Community Name" true true false 40 Text 0 0 ,First,#,GISLibrary.DBO.RoadCenterlines,POSTCOMM_R,-1,-1;CO_CODE_L "Left County Code" true true false 5 Text 0 0 ,First,#,GISLibrary.DBO.RoadCenterlines,CO_CODE_L,-1,-1;CO_CODE_R "Right County Code" true true false 5 Text 0 0 ,First,#,GISLibrary.DBO.RoadCenterlines,CO_CODE_R,-1,-1;CO_NAME_L "Left County Name" true true false 40 Text 0 0 ,First,#,GISLibrary.DBO.RoadCenterlines,CO_NAME_L,-1,-1;CO_NAME_R "Right County Name" true true false 40 Text 0 0 ,First,#,GISLibrary.DBO.RoadCenterlines,CO_NAME_R,-1,-1;STATE_L "Left State Code" true true false 2 Text 0 0 ,First,#,GISLibrary.DBO.RoadCenterlines,STATE_L,-1,-1;STATE_R "Right State Code" true true false 2 Text 0 0 ,First,#,GISLibrary.DBO.RoadCenterlines,STATE_R,-1,-1;ELEV_FROM "Elevation From" true true false 2 Short 0 0 ,First,#,GISLibrary.DBO.RoadCenterlines,ELEV_FROM,-1,-1;ELEV_TO "Elevation To" true true false 2 Short 0 0 ,First,#,GISLibrary.DBO.RoadCenterlines,ELEV_TO,-1,-1;ONEWAY "One Way" true true false 1 Text 0 0 ,First,#,GISLibrary.DBO.RoadCenterlines,ONEWAY,-1,-1;SPEED_IMP "Impedance Speed" true true false 2 Short 0 0 ,First,#,GISLibrary.DBO.RoadCenterlines,SPEED_IMP,-1,-1;EMERG_ACC "Emergency Access" true true false 10 Text 0 0 ,First,#,GISLibrary.DBO.RoadCenterlines,EMERG_ACC,-1,-1;ROUTESPEED "Routing Speed" true true false 2 Short 0 0 ,First,#,GISLibrary.DBO.RoadCenterlines,ROUTESPEED,-1,-1;ROUTE_NUM "Route Number" true true false 5 Text 0 0 ,First,#,GISLibrary.DBO.RoadCenterlines,ROUTE_NUM,-1,-1;GIS911POC "911 GIS Point-of-Contact" true true false 75 Text 0 0 ,First,#,GISLibrary.DBO.RoadCenterlines,GIS911POC,-1,-1;ESN_L "Left Emergency Service Number" true true false 5 Text 0 0 ,First,#,GISLibrary.DBO.RoadCenterlines,ESN_L,-1,-1;ESN_R "Right Emergency Service Number" true true false 5 Text 0 0 ,First,#,GISLibrary.DBO.RoadCenterlines,ESN_R,-1,-1;PSAP_L "Left PSAP Code" true true false 5 Text 0 0 ,First,#,GISLibrary.DBO.RoadCenterlines,PSAP_L,-1,-1;PSAP_R "Right PSAP Code" true true false 5 Text 0 0 ,First,#,GISLibrary.DBO.RoadCenterlines,PSAP_R,-1,-1;MSAG_C_L "Left MSAG Community Name" true true false 30 Text 0 0 ,First,#,GISLibrary.DBO.RoadCenterlines,MSAG_C_L,-1,-1;MSAG_C_R "Right MSAG Community Name" true true false 30 Text 0 0 ,First,#,GISLibrary.DBO.RoadCenterlines,MSAG_C_R,-1,-1;VALID_L "Validation Left" true true false 10 Text 0 0 ,First,#,GISLibrary.DBO.RoadCenterlines,VALID_L,-1,-1;VALID_R "Validation Right" true true false 10 Text 0 0 ,First,#,GISLibrary.DBO.RoadCenterlines,VALID_R,-1,-1;VERROR_911 "911 Validation Error" true true false 10 Text 0 0 ,First,#,GISLibrary.DBO.RoadCenterlines,VERROR_911,-1,-1;STATUS "Lifecycle Status" true true false 20 Text 0 0 ,First,#,GISLibrary.DBO.RoadCenterlines,STATUS,-1,-1;EFF_DATE "Effective Date" true true false 8 Date 0 0 ,First,#,GISLibrary.DBO.RoadCenterlines,EFF_DATE,-1,-1;RET_DATE "Retired Date" true true false 8 Date 0 0 ,First,#,GISLibrary.DBO.RoadCenterlines,RET_DATE,-1,-1;EDIT_ORG "Editing Organization" true true false 40 Text 0 0 ,First,#,GISLibrary.DBO.RoadCenterlines,EDIT_ORG,-1,-1;EDIT_DATE "Edit Date" true true false 8 Date 0 0 ,First,#,GISLibrary.DBO.RoadCenterlines,EDIT_DATE,-1,-1;FUNCLS_FED "Functional Class - Federal" true true false 1 Text 0 0 ,First,#,GISLibrary.DBO.RoadCenterlines,FUNCLS_FED,-1,-1;FUNCLS_MET "Functional Class - Metro" true true false 3 Text 0 0 ,First,#,GISLibrary.DBO.RoadCenterlines,FUNCLS_MET,-1,-1;SURF_TYPE "Surface Type" true true false 32 Text 0 0 ,First,#,GISLibrary.DBO.RoadCenterlines,SURF_TYPE,-1,-1;NUM_LANES "Number of Lanes" true true false 2 Short 0 0 ,First,#,GISLibrary.DBO.RoadCenterlines,NUM_LANES,-1,-1;COMMENTS "Comments" true true false 254 Text 0 0 ,First,#,GISLibrary.DBO.RoadCenterlines,COMMENTS,-1,-1;SHAPE_Length "SHAPE_Length" false true true 8 Double 0 0 ,First,#" #</Process>
				<Process ToolSource="c:\program files (x86)\arcgis\desktop10.7\ArcToolbox\Toolboxes\Data Management Tools.tbx\Append" Date="20200505" Time="080715">Append RoadCenterline_domain RoadCenterline NO_TEST "ROADSEG_ID "Road Segment Unique Identifier" true true false 36 Text 0 0 ,First,#,RoadCenterline_domain,ROADSEG_ID,-1,-1;ROUTE_ID "Route ID" true true false 18 Text 0 0 ,First,#,RoadCenterline_domain,ROUTE_ID,-1,-1;ROUTE_SYS "Route System" true true false 2 Text 0 0 ,First,#,RoadCenterline_domain,ROUTE_SYS,-1,-1;ROUTE_DIR "Route Direction" true true false 1 Text 0 0 ,First,#,RoadCenterline_domain,ROUTE_DIR,-1,-1;LOC_STATE "Local to State" true true false 10 Text 0 0 ,First,#,RoadCenterline_domain,LOC_STATE,-1,-1;PRIME_STAT "Primary Status" true true false 10 Text 0 0 ,First,#,RoadCenterline_domain,PRIME_STAT,-1,-1;ST_PRE_MOD "Street Name Pre Modifier" true true false 15 Text 0 0 ,First,#,RoadCenterline_domain,ST_PRE_MOD,-1,-1;ST_PRE_DIR "Street Name Pre Directional" true true false 9 Text 0 0 ,First,#,RoadCenterline_domain,ST_PRE_DIR,-1,-1;ST_PRE_TYP "Street Name Pre Type" true true false 35 Text 0 0 ,First,#,RoadCenterline_domain,ST_PRE_TYP,-1,-1;ST_PRE_SEP "Street Name Pre Separator" true true false 20 Text 0 0 ,First,#,RoadCenterline_domain,ST_PRE_SEP,-1,-1;ST_NAME "Street Name" true true false 60 Text 0 0 ,First,#,RoadCenterline_domain,ST_NAME,-1,-1;ST_POS_TYP "Street Name Post Type" true true false 15 Text 0 0 ,First,#,RoadCenterline_domain,ST_POS_TYP,-1,-1;ST_POS_DIR "Street Name Post Directional" true true false 9 Text 0 0 ,First,#,RoadCenterline_domain,ST_POS_DIR,-1,-1;ST_POS_MOD "Street Name Post Modifier" true true false 15 Text 0 0 ,First,#,RoadCenterline_domain,ST_POS_MOD,-1,-1;ST_CONCAT "Street Name Full" true true false 150 Text 0 0 ,First,#,RoadCenterline_domain,ST_CONCAT,-1,-1;ST_NAME_A1 "Alternate Street Name 1" true true false 150 Text 0 0 ,First,#,RoadCenterline_domain,ST_NAME_A1,-1,-1;A1_MSAG_V "Alt 1 Legitimate MSAG Value" true true false 7 Text 0 0 ,First,#,RoadCenterline_domain,A1_MSAG_V,-1,-1;ST_NAME_A2 "Alternate Street Name 2" true true false 150 Text 0 0 ,First,#,RoadCenterline_domain,ST_NAME_A2,-1,-1;A2_MSAG_V "Alt 2 Legitimate MSAG Value" true true false 7 Text 0 0 ,First,#,RoadCenterline_domain,A2_MSAG_V,-1,-1;ST_NAME_A3 "Alternate Street Name 3" true true false 150 Text 0 0 ,First,#,RoadCenterline_domain,ST_NAME_A3,-1,-1;A3_MSAG_V "Alt 3 Legitimate MSAG Value" true true false 7 Text 0 0 ,First,#,RoadCenterline_domain,A3_MSAG_V,-1,-1;ADD_FR_L "Left From Address" true true false 4 Long 0 0 ,First,#,RoadCenterline_domain,ADD_FR_L,-1,-1;ADD_TO_L "Left To Address" true true false 4 Long 0 0 ,First,#,RoadCenterline_domain,ADD_TO_L,-1,-1;ADD_FR_R "Right From Address" true true false 4 Long 0 0 ,First,#,RoadCenterline_domain,ADD_FR_R,-1,-1;ADD_TO_R "Right To Address" true true false 4 Long 0 0 ,First,#,RoadCenterline_domain,ADD_TO_R,-1,-1;PARITY_L "Left Parity" true true false 4 Text 0 0 ,First,#,RoadCenterline_domain,PARITY_L,-1,-1;PARITY_R "Right Parity" true true false 4 Text 0 0 ,First,#,RoadCenterline_domain,PARITY_R,-1,-1;ZIP_L "Left Zip Code" true true false 5 Text 0 0 ,First,#,RoadCenterline_domain,ZIP_L,-1,-1;ZIP_R "Right Zip Code" true true false 5 Text 0 0 ,First,#,RoadCenterline_domain,ZIP_R,-1,-1;CTU_NAME_L "Left CTU Name" true true false 100 Text 0 0 ,First,#,RoadCenterline_domain,CTU_NAME_L,-1,-1;CTU_NAME_R "Right CTU Name" true true false 100 Text 0 0 ,First,#,RoadCenterline_domain,CTU_NAME_R,-1,-1;CTU_ID_L "Left CTU Code" true true false 8 Text 0 0 ,First,#,RoadCenterline_domain,CTU_ID_L,-1,-1;CTU_ID_R "Right CTU Code" true true false 8 Text 0 0 ,First,#,RoadCenterline_domain,CTU_ID_R,-1,-1;POSTCOMM_L "Left Postal Community Name" true true false 40 Text 0 0 ,First,#,RoadCenterline_domain,POSTCOMM_L,-1,-1;POSTCOMM_R "Right Postal Community Name" true true false 40 Text 0 0 ,First,#,RoadCenterline_domain,POSTCOMM_R,-1,-1;CO_CODE_L "Left County Code" true true false 5 Text 0 0 ,First,#,RoadCenterline_domain,CO_CODE_L,-1,-1;CO_CODE_R "Right County Code" true true false 5 Text 0 0 ,First,#,RoadCenterline_domain,CO_CODE_R,-1,-1;CO_NAME_L "Left County Name" true true false 40 Text 0 0 ,First,#,RoadCenterline_domain,CO_NAME_L,-1,-1;CO_NAME_R "Right County Name" true true false 40 Text 0 0 ,First,#,RoadCenterline_domain,CO_NAME_R,-1,-1;STATE_L "Left State Code" true true false 2 Text 0 0 ,First,#,RoadCenterline_domain,STATE_L,-1,-1;STATE_R "Right State Code" true true false 2 Text 0 0 ,First,#,RoadCenterline_domain,STATE_R,-1,-1;ELEV_FROM "Elevation From" true true false 2 Short 0 0 ,First,#,RoadCenterline_domain,ELEV_FROM,-1,-1;ELEV_TO "Elevation To" true true false 2 Short 0 0 ,First,#,RoadCenterline_domain,ELEV_TO,-1,-1;ONEWAY "One Way" true true false 1 Text 0 0 ,First,#,RoadCenterline_domain,ONEWAY,-1,-1;SPEED_IMP "Impedance Speed" true true false 2 Short 0 0 ,First,#,RoadCenterline_domain,SPEED_IMP,-1,-1;EMERG_ACC "Emergency Access" true true false 10 Text 0 0 ,First,#,RoadCenterline_domain,EMERG_ACC,-1,-1;ROUTESPEED "Routing Speed" true true false 2 Short 0 0 ,First,#,RoadCenterline_domain,ROUTESPEED,-1,-1;ROUTE_NUM "Route Number" true true false 5 Text 0 0 ,First,#,RoadCenterline_domain,ROUTE_NUM,-1,-1;GIS911POC "911 GIS Point-of-Contact" true true false 75 Text 0 0 ,First,#,RoadCenterline_domain,GIS911POC,-1,-1;ESN_L "Left Emergency Service Number" true true false 5 Text 0 0 ,First,#,RoadCenterline_domain,ESN_L,-1,-1;ESN_R "Right Emergency Service Number" true true false 5 Text 0 0 ,First,#,RoadCenterline_domain,ESN_R,-1,-1;PSAP_L "Left PSAP Code" true true false 5 Text 0 0 ,First,#,RoadCenterline_domain,PSAP_L,-1,-1;PSAP_R "Right PSAP Code" true true false 5 Text 0 0 ,First,#,RoadCenterline_domain,PSAP_R,-1,-1;MSAG_C_L "Left MSAG Community Name" true true false 30 Text 0 0 ,First,#,RoadCenterline_domain,MSAG_C_L,-1,-1;MSAG_C_R "Right MSAG Community Name" true true false 30 Text 0 0 ,First,#,RoadCenterline_domain,MSAG_C_R,-1,-1;VALID_L "Validation Left" true true false 10 Text 0 0 ,First,#,RoadCenterline_domain,VALID_L,-1,-1;VALID_R "Validation Right" true true false 10 Text 0 0 ,First,#,RoadCenterline_domain,VALID_R,-1,-1;VERROR_911 "911 Validation Error" true true false 10 Text 0 0 ,First,#,RoadCenterline_domain,VERROR_911,-1,-1;STATUS "Lifecycle Status" true true false 20 Text 0 0 ,First,#,RoadCenterline_domain,STATUS,-1,-1;EFF_DATE "Effective Date" true true false 8 Date 0 0 ,First,#,RoadCenterline_domain,EFF_DATE,-1,-1;RET_DATE "Retired Date" true true false 8 Date 0 0 ,First,#,RoadCenterline_domain,RET_DATE,-1,-1;EDIT_ORG "Editing Organization" true true false 40 Text 0 0 ,First,#,RoadCenterline_domain,EDIT_ORG,-1,-1;EDIT_DATE "Edit Date" true true false 8 Date 0 0 ,First,#,RoadCenterline_domain,EDIT_DATE,-1,-1;FUNCLS_FED "Functional Class - Federal" true true false 1 Text 0 0 ,First,#,RoadCenterline_domain,FUNCLS_FED,-1,-1;FUNCLS_MET "Functional Class - Metro" true true false 3 Text 0 0 ,First,#,RoadCenterline_domain,FUNCLS_MET,-1,-1;SURF_TYPE "Surface Type" true true false 32 Text 0 0 ,First,#,RoadCenterline_domain,SURF_TYPE,-1,-1;NUM_LANES "Number of Lanes" true true false 2 Short 0 0 ,First,#,RoadCenterline_domain,NUM_LANES,-1,-1;COMMENTS "Comments" true true false 254 Text 0 0 ,First,#,RoadCenterline_domain,COMMENTS,-1,-1;SHAPE_Length "SHAPE_Length" false true true 8 Double 0 0 ,First,#,RoadCenterline_domain,Shape_Length,-1,-1" #</Process>
				<Process ToolSource="C:\program files\arcgis\server\ArcToolbox\Toolboxes\Conversion Tools.tbx\FeatureClassToFeatureClass" Date="20210309" Time="000327">FeatureClassToFeatureClass /var/ftp/gdrs_temp/update\us_mn_state_metrogis\trans_road_centerlines_gac\fgdb\trans_road_centerlines_gac_NoDomains.gdb\RoadCenterline /var/ftp/gdrs_temp/update\us_mn_state_metrogis\trans_road_centerlines_gac\shp RoadCenterline.shp # "ROADSEG_ID "Road Segment Unique Identifier" true true false 36 Text 0 0 ,First,#,/var/ftp/gdrs_temp/update\us_mn_state_metrogis\trans_road_centerlines_gac\fgdb\trans_road_centerlines_gac_NoDomains.gdb\RoadCenterline,ROADSEG_ID,-1,-1;ROUTE_ID "Route ID" true true false 18 Text 0 0 ,First,#,/var/ftp/gdrs_temp/update\us_mn_state_metrogis\trans_road_centerlines_gac\fgdb\trans_road_centerlines_gac_NoDomains.gdb\RoadCenterline,ROUTE_ID,-1,-1;ROUTE_SYS "Route System" true true false 2 Text 0 0 ,First,#,/var/ftp/gdrs_temp/update\us_mn_state_metrogis\trans_road_centerlines_gac\fgdb\trans_road_centerlines_gac_NoDomains.gdb\RoadCenterline,ROUTE_SYS,-1,-1;ROUTE_DIR "Route Direction" true true false 1 Text 0 0 ,First,#,/var/ftp/gdrs_temp/update\us_mn_state_metrogis\trans_road_centerlines_gac\fgdb\trans_road_centerlines_gac_NoDomains.gdb\RoadCenterline,ROUTE_DIR,-1,-1;LOC_STATE "Local to State" true true false 10 Text 0 0 ,First,#,/var/ftp/gdrs_temp/update\us_mn_state_metrogis\trans_road_centerlines_gac\fgdb\trans_road_centerlines_gac_NoDomains.gdb\RoadCenterline,LOC_STATE,-1,-1;PRIME_STAT "Primary Status" true true false 10 Text 0 0 ,First,#,/var/ftp/gdrs_temp/update\us_mn_state_metrogis\trans_road_centerlines_gac\fgdb\trans_road_centerlines_gac_NoDomains.gdb\RoadCenterline,PRIME_STAT,-1,-1;ST_PRE_MOD "Street Name Pre Modifier" true true false 15 Text 0 0 ,First,#,/var/ftp/gdrs_temp/update\us_mn_state_metrogis\trans_road_centerlines_gac\fgdb\trans_road_centerlines_gac_NoDomains.gdb\RoadCenterline,ST_PRE_MOD,-1,-1;ST_PRE_DIR "Street Name Pre Directional" true true false 9 Text 0 0 ,First,#,/var/ftp/gdrs_temp/update\us_mn_state_metrogis\trans_road_centerlines_gac\fgdb\trans_road_centerlines_gac_NoDomains.gdb\RoadCenterline,ST_PRE_DIR,-1,-1;ST_PRE_TYP "Street Name Pre Type" true true false 35 Text 0 0 ,First,#,/var/ftp/gdrs_temp/update\us_mn_state_metrogis\trans_road_centerlines_gac\fgdb\trans_road_centerlines_gac_NoDomains.gdb\RoadCenterline,ST_PRE_TYP,-1,-1;ST_PRE_SEP "Street Name Pre Separator" true true false 20 Text 0 0 ,First,#,/var/ftp/gdrs_temp/update\us_mn_state_metrogis\trans_road_centerlines_gac\fgdb\trans_road_centerlines_gac_NoDomains.gdb\RoadCenterline,ST_PRE_SEP,-1,-1;ST_NAME "Street Name" true true false 60 Text 0 0 ,First,#,/var/ftp/gdrs_temp/update\us_mn_state_metrogis\trans_road_centerlines_gac\fgdb\trans_road_centerlines_gac_NoDomains.gdb\RoadCenterline,ST_NAME,-1,-1;ST_POS_TYP "Street Name Post Type" true true false 15 Text 0 0 ,First,#,/var/ftp/gdrs_temp/update\us_mn_state_metrogis\trans_road_centerlines_gac\fgdb\trans_road_centerlines_gac_NoDomains.gdb\RoadCenterline,ST_POS_TYP,-1,-1;ST_POS_DIR "Street Name Post Directional" true true false 9 Text 0 0 ,First,#,/var/ftp/gdrs_temp/update\us_mn_state_metrogis\trans_road_centerlines_gac\fgdb\trans_road_centerlines_gac_NoDomains.gdb\RoadCenterline,ST_POS_DIR,-1,-1;ST_POS_MOD "Street Name Post Modifier" true true false 15 Text 0 0 ,First,#,/var/ftp/gdrs_temp/update\us_mn_state_metrogis\trans_road_centerlines_gac\fgdb\trans_road_centerlines_gac_NoDomains.gdb\RoadCenterline,ST_POS_MOD,-1,-1;ST_CONCAT "Street Name Full" true true false 150 Text 0 0 ,First,#,/var/ftp/gdrs_temp/update\us_mn_state_metrogis\trans_road_centerlines_gac\fgdb\trans_road_centerlines_gac_NoDomains.gdb\RoadCenterline,ST_CONCAT,-1,-1;ST_NAME_A1 "Alternate Street Name 1" true true false 150 Text 0 0 ,First,#,/var/ftp/gdrs_temp/update\us_mn_state_metrogis\trans_road_centerlines_gac\fgdb\trans_road_centerlines_gac_NoDomains.gdb\RoadCenterline,ST_NAME_A1,-1,-1;A1_MSAG_V "Alt 1 Legitimate MSAG Value" true true false 7 Text 0 0 ,First,#,/var/ftp/gdrs_temp/update\us_mn_state_metrogis\trans_road_centerlines_gac\fgdb\trans_road_centerlines_gac_NoDomains.gdb\RoadCenterline,A1_MSAG_V,-1,-1;ST_NAME_A2 "Alternate Street Name 2" true true false 150 Text 0 0 ,First,#,/var/ftp/gdrs_temp/update\us_mn_state_metrogis\trans_road_centerlines_gac\fgdb\trans_road_centerlines_gac_NoDomains.gdb\RoadCenterline,ST_NAME_A2,-1,-1;A2_MSAG_V "Alt 2 Legitimate MSAG Value" true true false 7 Text 0 0 ,First,#,/var/ftp/gdrs_temp/update\us_mn_state_metrogis\trans_road_centerlines_gac\fgdb\trans_road_centerlines_gac_NoDomains.gdb\RoadCenterline,A2_MSAG_V,-1,-1;ST_NAME_A3 "Alternate Street Name 3" true true false 150 Text 0 0 ,First,#,/var/ftp/gdrs_temp/update\us_mn_state_metrogis\trans_road_centerlines_gac\fgdb\trans_road_centerlines_gac_NoDomains.gdb\RoadCenterline,ST_NAME_A3,-1,-1;A3_MSAG_V "Alt 3 Legitimate MSAG Value" true true false 7 Text 0 0 ,First,#,/var/ftp/gdrs_temp/update\us_mn_state_metrogis\trans_road_centerlines_gac\fgdb\trans_road_centerlines_gac_NoDomains.gdb\RoadCenterline,A3_MSAG_V,-1,-1;ADD_FR_L "Left From Address" true true false 4 Long 0 0 ,First,#,/var/ftp/gdrs_temp/update\us_mn_state_metrogis\trans_road_centerlines_gac\fgdb\trans_road_centerlines_gac_NoDomains.gdb\RoadCenterline,ADD_FR_L,-1,-1;ADD_TO_L "Left To Address" true true false 4 Long 0 0 ,First,#,/var/ftp/gdrs_temp/update\us_mn_state_metrogis\trans_road_centerlines_gac\fgdb\trans_road_centerlines_gac_NoDomains.gdb\RoadCenterline,ADD_TO_L,-1,-1;ADD_FR_R "Right From Address" true true false 4 Long 0 0 ,First,#,/var/ftp/gdrs_temp/update\us_mn_state_metrogis\trans_road_centerlines_gac\fgdb\trans_road_centerlines_gac_NoDomains.gdb\RoadCenterline,ADD_FR_R,-1,-1;ADD_TO_R "Right To Address" true true false 4 Long 0 0 ,First,#,/var/ftp/gdrs_temp/update\us_mn_state_metrogis\trans_road_centerlines_gac\fgdb\trans_road_centerlines_gac_NoDomains.gdb\RoadCenterline,ADD_TO_R,-1,-1;PARITY_L "Left Parity" true true false 4 Text 0 0 ,First,#,/var/ftp/gdrs_temp/update\us_mn_state_metrogis\trans_road_centerlines_gac\fgdb\trans_road_centerlines_gac_NoDomains.gdb\RoadCenterline,PARITY_L,-1,-1;PARITY_R "Right Parity" true true false 4 Text 0 0 ,First,#,/var/ftp/gdrs_temp/update\us_mn_state_metrogis\trans_road_centerlines_gac\fgdb\trans_road_centerlines_gac_NoDomains.gdb\RoadCenterline,PARITY_R,-1,-1;ZIP_L "Left Zip Code" true true false 5 Text 0 0 ,First,#,/var/ftp/gdrs_temp/update\us_mn_state_metrogis\trans_road_centerlines_gac\fgdb\trans_road_centerlines_gac_NoDomains.gdb\RoadCenterline,ZIP_L,-1,-1;ZIP_R "Right Zip Code" true true false 5 Text 0 0 ,First,#,/var/ftp/gdrs_temp/update\us_mn_state_metrogis\trans_road_centerlines_gac\fgdb\trans_road_centerlines_gac_NoDomains.gdb\RoadCenterline,ZIP_R,-1,-1;CTU_NAME_L "Left CTU Name" true true false 100 Text 0 0 ,First,#,/var/ftp/gdrs_temp/update\us_mn_state_metrogis\trans_road_centerlines_gac\fgdb\trans_road_centerlines_gac_NoDomains.gdb\RoadCenterline,CTU_NAME_L,-1,-1;CTU_NAME_R "Right CTU Name" true true false 100 Text 0 0 ,First,#,/var/ftp/gdrs_temp/update\us_mn_state_metrogis\trans_road_centerlines_gac\fgdb\trans_road_centerlines_gac_NoDomains.gdb\RoadCenterline,CTU_NAME_R,-1,-1;CTU_ID_L "Left CTU Code" true true false 8 Text 0 0 ,First,#,/var/ftp/gdrs_temp/update\us_mn_state_metrogis\trans_road_centerlines_gac\fgdb\trans_road_centerlines_gac_NoDomains.gdb\RoadCenterline,CTU_ID_L,-1,-1;CTU_ID_R "Right CTU Code" true true false 8 Text 0 0 ,First,#,/var/ftp/gdrs_temp/update\us_mn_state_metrogis\trans_road_centerlines_gac\fgdb\trans_road_centerlines_gac_NoDomains.gdb\RoadCenterline,CTU_ID_R,-1,-1;POSTCOMM_L "Left Postal Community Name" true true false 40 Text 0 0 ,First,#,/var/ftp/gdrs_temp/update\us_mn_state_metrogis\trans_road_centerlines_gac\fgdb\trans_road_centerlines_gac_NoDomains.gdb\RoadCenterline,POSTCOMM_L,-1,-1;POSTCOMM_R "Right Postal Community Name" true true false 40 Text 0 0 ,First,#,/var/ftp/gdrs_temp/update\us_mn_state_metrogis\trans_road_centerlines_gac\fgdb\trans_road_centerlines_gac_NoDomains.gdb\RoadCenterline,POSTCOMM_R,-1,-1;CO_CODE_L "Left County Code" true true false 5 Text 0 0 ,First,#,/var/ftp/gdrs_temp/update\us_mn_state_metrogis\trans_road_centerlines_gac\fgdb\trans_road_centerlines_gac_NoDomains.gdb\RoadCenterline,CO_CODE_L,-1,-1;CO_CODE_R "Right County Code" true true false 5 Text 0 0 ,First,#,/var/ftp/gdrs_temp/update\us_mn_state_metrogis\trans_road_centerlines_gac\fgdb\trans_road_centerlines_gac_NoDomains.gdb\RoadCenterline,CO_CODE_R,-1,-1;CO_NAME_L "Left County Name" true true false 40 Text 0 0 ,First,#,/var/ftp/gdrs_temp/update\us_mn_state_metrogis\trans_road_centerlines_gac\fgdb\trans_road_centerlines_gac_NoDomains.gdb\RoadCenterline,CO_NAME_L,-1,-1;CO_NAME_R "Right County Name" true true false 40 Text 0 0 ,First,#,/var/ftp/gdrs_temp/update\us_mn_state_metrogis\trans_road_centerlines_gac\fgdb\trans_road_centerlines_gac_NoDomains.gdb\RoadCenterline,CO_NAME_R,-1,-1;STATE_L "Left State Code" true true false 2 Text 0 0 ,First,#,/var/ftp/gdrs_temp/update\us_mn_state_metrogis\trans_road_centerlines_gac\fgdb\trans_road_centerlines_gac_NoDomains.gdb\RoadCenterline,STATE_L,-1,-1;STATE_R "Right State Code" true true false 2 Text 0 0 ,First,#,/var/ftp/gdrs_temp/update\us_mn_state_metrogis\trans_road_centerlines_gac\fgdb\trans_road_centerlines_gac_NoDomains.gdb\RoadCenterline,STATE_R,-1,-1;ELEV_FROM "Elevation From" true true false 2 Short 0 0 ,First,#,/var/ftp/gdrs_temp/update\us_mn_state_metrogis\trans_road_centerlines_gac\fgdb\trans_road_centerlines_gac_NoDomains.gdb\RoadCenterline,ELEV_FROM,-1,-1;ELEV_TO "Elevation To" true true false 2 Short 0 0 ,First,#,/var/ftp/gdrs_temp/update\us_mn_state_metrogis\trans_road_centerlines_gac\fgdb\trans_road_centerlines_gac_NoDomains.gdb\RoadCenterline,ELEV_TO,-1,-1;ONEWAY "One Way" true true false 1 Text 0 0 ,First,#,/var/ftp/gdrs_temp/update\us_mn_state_metrogis\trans_road_centerlines_gac\fgdb\trans_road_centerlines_gac_NoDomains.gdb\RoadCenterline,ONEWAY,-1,-1;SPEED_IMP "Impedance Speed" true true false 2 Short 0 0 ,First,#,/var/ftp/gdrs_temp/update\us_mn_state_metrogis\trans_road_centerlines_gac\fgdb\trans_road_centerlines_gac_NoDomains.gdb\RoadCenterline,SPEED_IMP,-1,-1;EMERG_ACC "Emergency Access" true true false 10 Text 0 0 ,First,#,/var/ftp/gdrs_temp/update\us_mn_state_metrogis\trans_road_centerlines_gac\fgdb\trans_road_centerlines_gac_NoDomains.gdb\RoadCenterline,EMERG_ACC,-1,-1;ROUTESPEED "Routing Speed" true true false 2 Short 0 0 ,First,#,/var/ftp/gdrs_temp/update\us_mn_state_metrogis\trans_road_centerlines_gac\fgdb\trans_road_centerlines_gac_NoDomains.gdb\RoadCenterline,ROUTESPEED,-1,-1;ROUTE_NUM "Route Number" true true false 5 Text 0 0 ,First,#,/var/ftp/gdrs_temp/update\us_mn_state_metrogis\trans_road_centerlines_gac\fgdb\trans_road_centerlines_gac_NoDomains.gdb\RoadCenterline,ROUTE_NUM,-1,-1;GIS911POC "911 GIS Point-of-Contact" true true false 75 Text 0 0 ,First,#,/var/ftp/gdrs_temp/update\us_mn_state_metrogis\trans_road_centerlines_gac\fgdb\trans_road_centerlines_gac_NoDomains.gdb\RoadCenterline,GIS911POC,-1,-1;ESN_L "Left Emergency Service Number" true true false 5 Text 0 0 ,First,#,/var/ftp/gdrs_temp/update\us_mn_state_metrogis\trans_road_centerlines_gac\fgdb\trans_road_centerlines_gac_NoDomains.gdb\RoadCenterline,ESN_L,-1,-1;ESN_R "Right Emergency Service Number" true true false 5 Text 0 0 ,First,#,/var/ftp/gdrs_temp/update\us_mn_state_metrogis\trans_road_centerlines_gac\fgdb\trans_road_centerlines_gac_NoDomains.gdb\RoadCenterline,ESN_R,-1,-1;PSAP_L "Left PSAP Code" true true false 5 Text 0 0 ,First,#,/var/ftp/gdrs_temp/update\us_mn_state_metrogis\trans_road_centerlines_gac\fgdb\trans_road_centerlines_gac_NoDomains.gdb\RoadCenterline,PSAP_L,-1,-1;PSAP_R "Right PSAP Code" true true false 5 Text 0 0 ,First,#,/var/ftp/gdrs_temp/update\us_mn_state_metrogis\trans_road_centerlines_gac\fgdb\trans_road_centerlines_gac_NoDomains.gdb\RoadCenterline,PSAP_R,-1,-1;MSAG_C_L "Left MSAG Community Name" true true false 30 Text 0 0 ,First,#,/var/ftp/gdrs_temp/update\us_mn_state_metrogis\trans_road_centerlines_gac\fgdb\trans_road_centerlines_gac_NoDomains.gdb\RoadCenterline,MSAG_C_L,-1,-1;MSAG_C_R "Right MSAG Community Name" true true false 30 Text 0 0 ,First,#,/var/ftp/gdrs_temp/update\us_mn_state_metrogis\trans_road_centerlines_gac\fgdb\trans_road_centerlines_gac_NoDomains.gdb\RoadCenterline,MSAG_C_R,-1,-1;VALID_L "Validation Left" true true false 10 Text 0 0 ,First,#,/var/ftp/gdrs_temp/update\us_mn_state_metrogis\trans_road_centerlines_gac\fgdb\trans_road_centerlines_gac_NoDomains.gdb\RoadCenterline,VALID_L,-1,-1;VALID_R "Validation Right" true true false 10 Text 0 0 ,First,#,/var/ftp/gdrs_temp/update\us_mn_state_metrogis\trans_road_centerlines_gac\fgdb\trans_road_centerlines_gac_NoDomains.gdb\RoadCenterline,VALID_R,-1,-1;VERROR_911 "911 Validation Error" true true false 10 Text 0 0 ,First,#,/var/ftp/gdrs_temp/update\us_mn_state_metrogis\trans_road_centerlines_gac\fgdb\trans_road_centerlines_gac_NoDomains.gdb\RoadCenterline,VERROR_911,-1,-1;STATUS "Lifecycle Status" true true false 20 Text 0 0 ,First,#,/var/ftp/gdrs_temp/update\us_mn_state_metrogis\trans_road_centerlines_gac\fgdb\trans_road_centerlines_gac_NoDomains.gdb\RoadCenterline,STATUS,-1,-1;EFF_DATE "Effective Date" true true false 8 Date 0 0 ,First,#,/var/ftp/gdrs_temp/update\us_mn_state_metrogis\trans_road_centerlines_gac\fgdb\trans_road_centerlines_gac_NoDomains.gdb\RoadCenterline,EFF_DATE,-1,-1;RET_DATE "Retired Date" true true false 8 Date 0 0 ,First,#,/var/ftp/gdrs_temp/update\us_mn_state_metrogis\trans_road_centerlines_gac\fgdb\trans_road_centerlines_gac_NoDomains.gdb\RoadCenterline,RET_DATE,-1,-1;EDIT_ORG "Editing Organization" true true false 40 Text 0 0 ,First,#,/var/ftp/gdrs_temp/update\us_mn_state_metrogis\trans_road_centerlines_gac\fgdb\trans_road_centerlines_gac_NoDomains.gdb\RoadCenterline,EDIT_ORG,-1,-1;EDIT_DATE "Edit Date" true true false 8 Date 0 0 ,First,#,/var/ftp/gdrs_temp/update\us_mn_state_metrogis\trans_road_centerlines_gac\fgdb\trans_road_centerlines_gac_NoDomains.gdb\RoadCenterline,EDIT_DATE,-1,-1;FUNCLS_FED "Functional Class - Federal" true true false 1 Text 0 0 ,First,#,/var/ftp/gdrs_temp/update\us_mn_state_metrogis\trans_road_centerlines_gac\fgdb\trans_road_centerlines_gac_NoDomains.gdb\RoadCenterline,FUNCLS_FED,-1,-1;FUNCLS_MET "Functional Class - Metro" true true false 3 Text 0 0 ,First,#,/var/ftp/gdrs_temp/update\us_mn_state_metrogis\trans_road_centerlines_gac\fgdb\trans_road_centerlines_gac_NoDomains.gdb\RoadCenterline,FUNCLS_MET,-1,-1;SURF_TYPE "Surface Type" true true false 32 Text 0 0 ,First,#,/var/ftp/gdrs_temp/update\us_mn_state_metrogis\trans_road_centerlines_gac\fgdb\trans_road_centerlines_gac_NoDomains.gdb\RoadCenterline,SURF_TYPE,-1,-1;NUM_LANES "Number of Lanes" true true false 2 Short 0 0 ,First,#,/var/ftp/gdrs_temp/update\us_mn_state_metrogis\trans_road_centerlines_gac\fgdb\trans_road_centerlines_gac_NoDomains.gdb\RoadCenterline,NUM_LANES,-1,-1;COMMENTS "Comments" true true false 254 Text 0 0 ,First,#,/var/ftp/gdrs_temp/update\us_mn_state_metrogis\trans_road_centerlines_gac\fgdb\trans_road_centerlines_gac_NoDomains.gdb\RoadCenterline,COMMENTS,-1,-1;SHAPE_Leng "SHAPE_Leng" false true true 8 Double 0 0 ,First,#,/var/ftp/gdrs_temp/update\us_mn_state_metrogis\trans_road_centerlines_gac\fgdb\trans_road_centerlines_gac_NoDomains.gdb\RoadCenterline,SHAPE_Length,-1,-1" #</Process>
			</lineage>
		</DataProperties>
		<SyncDate>20210309</SyncDate>
		<SyncTime>00024300</SyncTime>
		<ModDate>20210309</ModDate>
		<ModTime>00024300</ModTime>
	</Esri>
	<dataIdInfo>
		<envirDesc Sync="TRUE">Microsoft Windows XP Professional x64 Edition Version 5.2 (Build 3790) Service Pack 2; Esri ArcGIS 10.4.1.5686</envirDesc>
		<dataLang>
			<languageCode value="en" Sync="TRUE"/>
			<countryCode value="US" Sync="TRUE"/>
		</dataLang>
		<idCitation>
			<resTitle Sync="TRUE">RoadCenterline</resTitle>
			<presForm>
				<PresFormCd value="005" Sync="TRUE"/>
			</presForm>
		</idCitation>
		<spatRpType>
			<SpatRepTypCd value="001" Sync="TRUE"/>
		</spatRpType>
	</dataIdInfo>
	<mdLang>
		<languageCode value="en" Sync="TRUE"/>
		<countryCode value="US" Sync="TRUE"/>
	</mdLang>
	<mdChar>
		<CharSetCd value="004" Sync="TRUE"/>
	</mdChar>
	<distInfo>
		<distFormat>
			<formatName Sync="TRUE">Shapefile</formatName>
		</distFormat>
		<distTranOps>
			<transSize Sync="TRUE">0.000</transSize>
		</distTranOps>
	</distInfo>
	<mdHrLv>
		<ScopeCd value="005" Sync="TRUE"/>
	</mdHrLv>
	<mdHrLvName Sync="TRUE">dataset</mdHrLvName>
	<refSysInfo>
		<RefSystem>
			<refSysID>
				<identCode code="26915" Sync="TRUE"/>
				<idCodeSpace Sync="TRUE">EPSG</idCodeSpace>
				<idVersion Sync="TRUE">6.13(3.0.1)</idVersion>
			</refSysID>
		</RefSystem>
	</refSysInfo>
	<spatRepInfo>
		<VectSpatRep>
			<geometObjs Name="RoadCenterline">
				<geoObjTyp>
					<GeoObjTypCd value="002" Sync="TRUE"/>
				</geoObjTyp>
				<geoObjCnt Sync="TRUE">0</geoObjCnt>
			</geometObjs>
			<topLvl>
				<TopoLevCd value="001" Sync="TRUE"/>
			</topLvl>
		</VectSpatRep>
	</spatRepInfo>
	<spdoinfo>
		<ptvctinf>
			<esriterm Name="RoadCenterline">
				<efeatyp Sync="TRUE">Simple</efeatyp>
				<efeageom code="3" Sync="TRUE"/>
				<esritopo Sync="TRUE">FALSE</esritopo>
				<efeacnt Sync="TRUE">0</efeacnt>
				<spindex Sync="TRUE">FALSE</spindex>
				<linrefer Sync="TRUE">FALSE</linrefer>
			</esriterm>
		</ptvctinf>
	</spdoinfo>
	<eainfo>
		<detailed Name="RoadCenterline">
			<enttyp>
				<enttypl Sync="TRUE">RoadCenterline</enttypl>
				<enttypt Sync="TRUE">Feature Class</enttypt>
				<enttypc Sync="TRUE">0</enttypc>
			</enttyp>
			<attr>
				<attrlabl Sync="TRUE">FID</attrlabl>
				<attalias Sync="TRUE">FID</attalias>
				<attrtype Sync="TRUE">OID</attrtype>
				<attwidth Sync="TRUE">4</attwidth>
				<atprecis Sync="TRUE">0</atprecis>
				<attscale Sync="TRUE">0</attscale>
				<attrdef Sync="TRUE">Internal feature number.</attrdef>
				<attrdefs Sync="TRUE">Esri</attrdefs>
				<attrdomv>
					<udom Sync="TRUE">Sequential unique whole numbers that are automatically generated.</udom>
				</attrdomv>
			</attr>
			<attr>
				<attrlabl Sync="TRUE">SHAPE</attrlabl>
				<attalias Sync="TRUE">Shape</attalias>
				<attrtype Sync="TRUE">Geometry</attrtype>
				<attwidth Sync="TRUE">0</attwidth>
				<atprecis Sync="TRUE">0</atprecis>
				<attscale Sync="TRUE">0</attscale>
				<attrdef Sync="TRUE">Feature geometry.</attrdef>
				<attrdefs Sync="TRUE">Esri</attrdefs>
				<attrdomv>
					<udom Sync="TRUE">Coordinates defining the features.</udom>
				</attrdomv>
			</attr>
			<attr>
				<attrlabl Sync="TRUE">ROADSEG_ID</attrlabl>
				<attalias Sync="TRUE">ROADSEG_ID</attalias>
				<attrtype Sync="TRUE">String</attrtype>
				<attwidth Sync="TRUE">36</attwidth>
				<atprecis Sync="TRUE">0</atprecis>
				<attscale Sync="TRUE">0</attscale>
			</attr>
			<attr>
				<attrlabl Sync="TRUE">ROUTE_ID</attrlabl>
				<attalias Sync="TRUE">ROUTE_ID</attalias>
				<attrtype Sync="TRUE">String</attrtype>
				<attwidth Sync="TRUE">18</attwidth>
				<atprecis Sync="TRUE">0</atprecis>
				<attscale Sync="TRUE">0</attscale>
			</attr>
			<attr>
				<attrlabl Sync="TRUE">ROUTE_SYS</attrlabl>
				<attalias Sync="TRUE">ROUTE_SYS</attalias>
				<attrtype Sync="TRUE">String</attrtype>
				<attwidth Sync="TRUE">2</attwidth>
				<atprecis Sync="TRUE">0</atprecis>
				<attscale Sync="TRUE">0</attscale>
			</attr>
			<attr>
				<attrlabl Sync="TRUE">ROUTE_DIR</attrlabl>
				<attalias Sync="TRUE">ROUTE_DIR</attalias>
				<attrtype Sync="TRUE">String</attrtype>
				<attwidth Sync="TRUE">1</attwidth>
				<atprecis Sync="TRUE">0</atprecis>
				<attscale Sync="TRUE">0</attscale>
			</attr>
			<attr>
				<attrlabl Sync="TRUE">LOC_STATE</attrlabl>
				<attalias Sync="TRUE">LOC_STATE</attalias>
				<attrtype Sync="TRUE">String</attrtype>
				<attwidth Sync="TRUE">10</attwidth>
				<atprecis Sync="TRUE">0</atprecis>
				<attscale Sync="TRUE">0</attscale>
			</attr>
			<attr>
				<attrlabl Sync="TRUE">PRIME_STAT</attrlabl>
				<attalias Sync="TRUE">PRIME_STAT</attalias>
				<attrtype Sync="TRUE">String</attrtype>
				<attwidth Sync="TRUE">10</attwidth>
				<atprecis Sync="TRUE">0</atprecis>
				<attscale Sync="TRUE">0</attscale>
			</attr>
			<attr>
				<attrlabl Sync="TRUE">ST_PRE_MOD</attrlabl>
				<attalias Sync="TRUE">ST_PRE_MOD</attalias>
				<attrtype Sync="TRUE">String</attrtype>
				<attwidth Sync="TRUE">15</attwidth>
				<atprecis Sync="TRUE">0</atprecis>
				<attscale Sync="TRUE">0</attscale>
			</attr>
			<attr>
				<attrlabl Sync="TRUE">ST_PRE_DIR</attrlabl>
				<attalias Sync="TRUE">ST_PRE_DIR</attalias>
				<attrtype Sync="TRUE">String</attrtype>
				<attwidth Sync="TRUE">9</attwidth>
				<atprecis Sync="TRUE">0</atprecis>
				<attscale Sync="TRUE">0</attscale>
			</attr>
			<attr>
				<attrlabl Sync="TRUE">ST_PRE_TYP</attrlabl>
				<attalias Sync="TRUE">ST_PRE_TYP</attalias>
				<attrtype Sync="TRUE">String</attrtype>
				<attwidth Sync="TRUE">35</attwidth>
				<atprecis Sync="TRUE">0</atprecis>
				<attscale Sync="TRUE">0</attscale>
			</attr>
			<attr>
				<attrlabl Sync="TRUE">ST_PRE_SEP</attrlabl>
				<attalias Sync="TRUE">ST_PRE_SEP</attalias>
				<attrtype Sync="TRUE">String</attrtype>
				<attwidth Sync="TRUE">20</attwidth>
				<atprecis Sync="TRUE">0</atprecis>
				<attscale Sync="TRUE">0</attscale>
			</attr>
			<attr>
				<attrlabl Sync="TRUE">ST_NAME</attrlabl>
				<attalias Sync="TRUE">ST_NAME</attalias>
				<attrtype Sync="TRUE">String</attrtype>
				<attwidth Sync="TRUE">60</attwidth>
				<atprecis Sync="TRUE">0</atprecis>
				<attscale Sync="TRUE">0</attscale>
			</attr>
			<attr>
				<attrlabl Sync="TRUE">ST_POS_TYP</attrlabl>
				<attalias Sync="TRUE">ST_POS_TYP</attalias>
				<attrtype Sync="TRUE">String</attrtype>
				<attwidth Sync="TRUE">15</attwidth>
				<atprecis Sync="TRUE">0</atprecis>
				<attscale Sync="TRUE">0</attscale>
			</attr>
			<attr>
				<attrlabl Sync="TRUE">ST_POS_DIR</attrlabl>
				<attalias Sync="TRUE">ST_POS_DIR</attalias>
				<attrtype Sync="TRUE">String</attrtype>
				<attwidth Sync="TRUE">9</attwidth>
				<atprecis Sync="TRUE">0</atprecis>
				<attscale Sync="TRUE">0</attscale>
			</attr>
			<attr>
				<attrlabl Sync="TRUE">ST_POS_MOD</attrlabl>
				<attalias Sync="TRUE">ST_POS_MOD</attalias>
				<attrtype Sync="TRUE">String</attrtype>
				<attwidth Sync="TRUE">15</attwidth>
				<atprecis Sync="TRUE">0</atprecis>
				<attscale Sync="TRUE">0</attscale>
			</attr>
			<attr>
				<attrlabl Sync="TRUE">ST_CONCAT</attrlabl>
				<attalias Sync="TRUE">ST_CONCAT</attalias>
				<attrtype Sync="TRUE">String</attrtype>
				<attwidth Sync="TRUE">150</attwidth>
				<atprecis Sync="TRUE">0</atprecis>
				<attscale Sync="TRUE">0</attscale>
			</attr>
			<attr>
				<attrlabl Sync="TRUE">ST_NAME_A1</attrlabl>
				<attalias Sync="TRUE">ST_NAME_A1</attalias>
				<attrtype Sync="TRUE">String</attrtype>
				<attwidth Sync="TRUE">150</attwidth>
				<atprecis Sync="TRUE">0</atprecis>
				<attscale Sync="TRUE">0</attscale>
			</attr>
			<attr>
				<attrlabl Sync="TRUE">A1_MSAG_V</attrlabl>
				<attalias Sync="TRUE">A1_MSAG_V</attalias>
				<attrtype Sync="TRUE">String</attrtype>
				<attwidth Sync="TRUE">7</attwidth>
				<atprecis Sync="TRUE">0</atprecis>
				<attscale Sync="TRUE">0</attscale>
			</attr>
			<attr>
				<attrlabl Sync="TRUE">ST_NAME_A2</attrlabl>
				<attalias Sync="TRUE">ST_NAME_A2</attalias>
				<attrtype Sync="TRUE">String</attrtype>
				<attwidth Sync="TRUE">150</attwidth>
				<atprecis Sync="TRUE">0</atprecis>
				<attscale Sync="TRUE">0</attscale>
			</attr>
			<attr>
				<attrlabl Sync="TRUE">A2_MSAG_V</attrlabl>
				<attalias Sync="TRUE">A2_MSAG_V</attalias>
				<attrtype Sync="TRUE">String</attrtype>
				<attwidth Sync="TRUE">7</attwidth>
				<atprecis Sync="TRUE">0</atprecis>
				<attscale Sync="TRUE">0</attscale>
			</attr>
			<attr>
				<attrlabl Sync="TRUE">ST_NAME_A3</attrlabl>
				<attalias Sync="TRUE">ST_NAME_A3</attalias>
				<attrtype Sync="TRUE">String</attrtype>
				<attwidth Sync="TRUE">150</attwidth>
				<atprecis Sync="TRUE">0</atprecis>
				<attscale Sync="TRUE">0</attscale>
			</attr>
			<attr>
				<attrlabl Sync="TRUE">A3_MSAG_V</attrlabl>
				<attalias Sync="TRUE">A3_MSAG_V</attalias>
				<attrtype Sync="TRUE">String</attrtype>
				<attwidth Sync="TRUE">7</attwidth>
				<atprecis Sync="TRUE">0</atprecis>
				<attscale Sync="TRUE">0</attscale>
			</attr>
			<attr>
				<attrlabl Sync="TRUE">ADD_FR_L</attrlabl>
				<attalias Sync="TRUE">ADD_FR_L</attalias>
				<attrtype Sync="TRUE">Integer</attrtype>
				<attwidth Sync="TRUE">10</attwidth>
				<atprecis Sync="TRUE">10</atprecis>
				<attscale Sync="TRUE">0</attscale>
			</attr>
			<attr>
				<attrlabl Sync="TRUE">ADD_TO_L</attrlabl>
				<attalias Sync="TRUE">ADD_TO_L</attalias>
				<attrtype Sync="TRUE">Integer</attrtype>
				<attwidth Sync="TRUE">10</attwidth>
				<atprecis Sync="TRUE">10</atprecis>
				<attscale Sync="TRUE">0</attscale>
			</attr>
			<attr>
				<attrlabl Sync="TRUE">ADD_FR_R</attrlabl>
				<attalias Sync="TRUE">ADD_FR_R</attalias>
				<attrtype Sync="TRUE">Integer</attrtype>
				<attwidth Sync="TRUE">10</attwidth>
				<atprecis Sync="TRUE">10</atprecis>
				<attscale Sync="TRUE">0</attscale>
			</attr>
			<attr>
				<attrlabl Sync="TRUE">ADD_TO_R</attrlabl>
				<attalias Sync="TRUE">ADD_TO_R</attalias>
				<attrtype Sync="TRUE">Integer</attrtype>
				<attwidth Sync="TRUE">10</attwidth>
				<atprecis Sync="TRUE">10</atprecis>
				<attscale Sync="TRUE">0</attscale>
			</attr>
			<attr>
				<attrlabl Sync="TRUE">PARITY_L</attrlabl>
				<attalias Sync="TRUE">PARITY_L</attalias>
				<attrtype Sync="TRUE">String</attrtype>
				<attwidth Sync="TRUE">4</attwidth>
				<atprecis Sync="TRUE">0</atprecis>
				<attscale Sync="TRUE">0</attscale>
			</attr>
			<attr>
				<attrlabl Sync="TRUE">PARITY_R</attrlabl>
				<attalias Sync="TRUE">PARITY_R</attalias>
				<attrtype Sync="TRUE">String</attrtype>
				<attwidth Sync="TRUE">4</attwidth>
				<atprecis Sync="TRUE">0</atprecis>
				<attscale Sync="TRUE">0</attscale>
			</attr>
			<attr>
				<attrlabl Sync="TRUE">ZIP_L</attrlabl>
				<attalias Sync="TRUE">ZIP_L</attalias>
				<attrtype Sync="TRUE">String</attrtype>
				<attwidth Sync="TRUE">5</attwidth>
				<atprecis Sync="TRUE">0</atprecis>
				<attscale Sync="TRUE">0</attscale>
			</attr>
			<attr>
				<attrlabl Sync="TRUE">ZIP_R</attrlabl>
				<attalias Sync="TRUE">ZIP_R</attalias>
				<attrtype Sync="TRUE">String</attrtype>
				<attwidth Sync="TRUE">5</attwidth>
				<atprecis Sync="TRUE">0</atprecis>
				<attscale Sync="TRUE">0</attscale>
			</attr>
			<attr>
				<attrlabl Sync="TRUE">CTU_NAME_L</attrlabl>
				<attalias Sync="TRUE">CTU_NAME_L</attalias>
				<attrtype Sync="TRUE">String</attrtype>
				<attwidth Sync="TRUE">100</attwidth>
				<atprecis Sync="TRUE">0</atprecis>
				<attscale Sync="TRUE">0</attscale>
			</attr>
			<attr>
				<attrlabl Sync="TRUE">CTU_NAME_R</attrlabl>
				<attalias Sync="TRUE">CTU_NAME_R</attalias>
				<attrtype Sync="TRUE">String</attrtype>
				<attwidth Sync="TRUE">100</attwidth>
				<atprecis Sync="TRUE">0</atprecis>
				<attscale Sync="TRUE">0</attscale>
			</attr>
			<attr>
				<attrlabl Sync="TRUE">CTU_ID_L</attrlabl>
				<attalias Sync="TRUE">CTU_ID_L</attalias>
				<attrtype Sync="TRUE">String</attrtype>
				<attwidth Sync="TRUE">8</attwidth>
				<atprecis Sync="TRUE">0</atprecis>
				<attscale Sync="TRUE">0</attscale>
			</attr>
			<attr>
				<attrlabl Sync="TRUE">CTU_ID_R</attrlabl>
				<attalias Sync="TRUE">CTU_ID_R</attalias>
				<attrtype Sync="TRUE">String</attrtype>
				<attwidth Sync="TRUE">8</attwidth>
				<atprecis Sync="TRUE">0</atprecis>
				<attscale Sync="TRUE">0</attscale>
			</attr>
			<attr>
				<attrlabl Sync="TRUE">POSTCOMM_L</attrlabl>
				<attalias Sync="TRUE">POSTCOMM_L</attalias>
				<attrtype Sync="TRUE">String</attrtype>
				<attwidth Sync="TRUE">40</attwidth>
				<atprecis Sync="TRUE">0</atprecis>
				<attscale Sync="TRUE">0</attscale>
			</attr>
			<attr>
				<attrlabl Sync="TRUE">POSTCOMM_R</attrlabl>
				<attalias Sync="TRUE">POSTCOMM_R</attalias>
				<attrtype Sync="TRUE">String</attrtype>
				<attwidth Sync="TRUE">40</attwidth>
				<atprecis Sync="TRUE">0</atprecis>
				<attscale Sync="TRUE">0</attscale>
			</attr>
			<attr>
				<attrlabl Sync="TRUE">CO_CODE_L</attrlabl>
				<attalias Sync="TRUE">CO_CODE_L</attalias>
				<attrtype Sync="TRUE">String</attrtype>
				<attwidth Sync="TRUE">5</attwidth>
				<atprecis Sync="TRUE">0</atprecis>
				<attscale Sync="TRUE">0</attscale>
			</attr>
			<attr>
				<attrlabl Sync="TRUE">CO_CODE_R</attrlabl>
				<attalias Sync="TRUE">CO_CODE_R</attalias>
				<attrtype Sync="TRUE">String</attrtype>
				<attwidth Sync="TRUE">5</attwidth>
				<atprecis Sync="TRUE">0</atprecis>
				<attscale Sync="TRUE">0</attscale>
			</attr>
			<attr>
				<attrlabl Sync="TRUE">CO_NAME_L</attrlabl>
				<attalias Sync="TRUE">CO_NAME_L</attalias>
				<attrtype Sync="TRUE">String</attrtype>
				<attwidth Sync="TRUE">40</attwidth>
				<atprecis Sync="TRUE">0</atprecis>
				<attscale Sync="TRUE">0</attscale>
			</attr>
			<attr>
				<attrlabl Sync="TRUE">CO_NAME_R</attrlabl>
				<attalias Sync="TRUE">CO_NAME_R</attalias>
				<attrtype Sync="TRUE">String</attrtype>
				<attwidth Sync="TRUE">40</attwidth>
				<atprecis Sync="TRUE">0</atprecis>
				<attscale Sync="TRUE">0</attscale>
			</attr>
			<attr>
				<attrlabl Sync="TRUE">STATE_L</attrlabl>
				<attalias Sync="TRUE">STATE_L</attalias>
				<attrtype Sync="TRUE">String</attrtype>
				<attwidth Sync="TRUE">2</attwidth>
				<atprecis Sync="TRUE">0</atprecis>
				<attscale Sync="TRUE">0</attscale>
			</attr>
			<attr>
				<attrlabl Sync="TRUE">STATE_R</attrlabl>
				<attalias Sync="TRUE">STATE_R</attalias>
				<attrtype Sync="TRUE">String</attrtype>
				<attwidth Sync="TRUE">2</attwidth>
				<atprecis Sync="TRUE">0</atprecis>
				<attscale Sync="TRUE">0</attscale>
			</attr>
			<attr>
				<attrlabl Sync="TRUE">ELEV_FROM</attrlabl>
				<attalias Sync="TRUE">ELEV_FROM</attalias>
				<attrtype Sync="TRUE">Integer</attrtype>
				<attwidth Sync="TRUE">5</attwidth>
				<atprecis Sync="TRUE">5</atprecis>
				<attscale Sync="TRUE">0</attscale>
			</attr>
			<attr>
				<attrlabl Sync="TRUE">ELEV_TO</attrlabl>
				<attalias Sync="TRUE">ELEV_TO</attalias>
				<attrtype Sync="TRUE">Integer</attrtype>
				<attwidth Sync="TRUE">5</attwidth>
				<atprecis Sync="TRUE">5</atprecis>
				<attscale Sync="TRUE">0</attscale>
			</attr>
			<attr>
				<attrlabl Sync="TRUE">ONEWAY</attrlabl>
				<attalias Sync="TRUE">ONEWAY</attalias>
				<attrtype Sync="TRUE">String</attrtype>
				<attwidth Sync="TRUE">1</attwidth>
				<atprecis Sync="TRUE">0</atprecis>
				<attscale Sync="TRUE">0</attscale>
			</attr>
			<attr>
				<attrlabl Sync="TRUE">SPEED_IMP</attrlabl>
				<attalias Sync="TRUE">SPEED_IMP</attalias>
				<attrtype Sync="TRUE">Integer</attrtype>
				<attwidth Sync="TRUE">5</attwidth>
				<atprecis Sync="TRUE">5</atprecis>
				<attscale Sync="TRUE">0</attscale>
			</attr>
			<attr>
				<attrlabl Sync="TRUE">EMERG_ACC</attrlabl>
				<attalias Sync="TRUE">EMERG_ACC</attalias>
				<attrtype Sync="TRUE">String</attrtype>
				<attwidth Sync="TRUE">10</attwidth>
				<atprecis Sync="TRUE">0</atprecis>
				<attscale Sync="TRUE">0</attscale>
			</attr>
			<attr>
				<attrlabl Sync="TRUE">ROUTESPEED</attrlabl>
				<attalias Sync="TRUE">ROUTESPEED</attalias>
				<attrtype Sync="TRUE">Integer</attrtype>
				<attwidth Sync="TRUE">5</attwidth>
				<atprecis Sync="TRUE">5</atprecis>
				<attscale Sync="TRUE">0</attscale>
			</attr>
			<attr>
				<attrlabl Sync="TRUE">ROUTE_NUM</attrlabl>
				<attalias Sync="TRUE">ROUTE_NUM</attalias>
				<attrtype Sync="TRUE">String</attrtype>
				<attwidth Sync="TRUE">5</attwidth>
				<atprecis Sync="TRUE">0</atprecis>
				<attscale Sync="TRUE">0</attscale>
			</attr>
			<attr>
				<attrlabl Sync="TRUE">GIS911POC</attrlabl>
				<attalias Sync="TRUE">GIS911POC</attalias>
				<attrtype Sync="TRUE">String</attrtype>
				<attwidth Sync="TRUE">75</attwidth>
				<atprecis Sync="TRUE">0</atprecis>
				<attscale Sync="TRUE">0</attscale>
			</attr>
			<attr>
				<attrlabl Sync="TRUE">ESN_L</attrlabl>
				<attalias Sync="TRUE">ESN_L</attalias>
				<attrtype Sync="TRUE">String</attrtype>
				<attwidth Sync="TRUE">5</attwidth>
				<atprecis Sync="TRUE">0</atprecis>
				<attscale Sync="TRUE">0</attscale>
			</attr>
			<attr>
				<attrlabl Sync="TRUE">ESN_R</attrlabl>
				<attalias Sync="TRUE">ESN_R</attalias>
				<attrtype Sync="TRUE">String</attrtype>
				<attwidth Sync="TRUE">5</attwidth>
				<atprecis Sync="TRUE">0</atprecis>
				<attscale Sync="TRUE">0</attscale>
			</attr>
			<attr>
				<attrlabl Sync="TRUE">PSAP_L</attrlabl>
				<attalias Sync="TRUE">PSAP_L</attalias>
				<attrtype Sync="TRUE">String</attrtype>
				<attwidth Sync="TRUE">5</attwidth>
				<atprecis Sync="TRUE">0</atprecis>
				<attscale Sync="TRUE">0</attscale>
			</attr>
			<attr>
				<attrlabl Sync="TRUE">PSAP_R</attrlabl>
				<attalias Sync="TRUE">PSAP_R</attalias>
				<attrtype Sync="TRUE">String</attrtype>
				<attwidth Sync="TRUE">5</attwidth>
				<atprecis Sync="TRUE">0</atprecis>
				<attscale Sync="TRUE">0</attscale>
			</attr>
			<attr>
				<attrlabl Sync="TRUE">MSAG_C_L</attrlabl>
				<attalias Sync="TRUE">MSAG_C_L</attalias>
				<attrtype Sync="TRUE">String</attrtype>
				<attwidth Sync="TRUE">30</attwidth>
				<atprecis Sync="TRUE">0</atprecis>
				<attscale Sync="TRUE">0</attscale>
			</attr>
			<attr>
				<attrlabl Sync="TRUE">MSAG_C_R</attrlabl>
				<attalias Sync="TRUE">MSAG_C_R</attalias>
				<attrtype Sync="TRUE">String</attrtype>
				<attwidth Sync="TRUE">30</attwidth>
				<atprecis Sync="TRUE">0</atprecis>
				<attscale Sync="TRUE">0</attscale>
			</attr>
			<attr>
				<attrlabl Sync="TRUE">VALID_L</attrlabl>
				<attalias Sync="TRUE">VALID_L</attalias>
				<attrtype Sync="TRUE">String</attrtype>
				<attwidth Sync="TRUE">10</attwidth>
				<atprecis Sync="TRUE">0</atprecis>
				<attscale Sync="TRUE">0</attscale>
			</attr>
			<attr>
				<attrlabl Sync="TRUE">VALID_R</attrlabl>
				<attalias Sync="TRUE">VALID_R</attalias>
				<attrtype Sync="TRUE">String</attrtype>
				<attwidth Sync="TRUE">10</attwidth>
				<atprecis Sync="TRUE">0</atprecis>
				<attscale Sync="TRUE">0</attscale>
			</attr>
			<attr>
				<attrlabl Sync="TRUE">VERROR_911</attrlabl>
				<attalias Sync="TRUE">VERROR_911</attalias>
				<attrtype Sync="TRUE">String</attrtype>
				<attwidth Sync="TRUE">10</attwidth>
				<atprecis Sync="TRUE">0</atprecis>
				<attscale Sync="TRUE">0</attscale>
			</attr>
			<attr>
				<attrlabl Sync="TRUE">STATUS</attrlabl>
				<attalias Sync="TRUE">STATUS</attalias>
				<attrtype Sync="TRUE">String</attrtype>
				<attwidth Sync="TRUE">20</attwidth>
				<atprecis Sync="TRUE">0</atprecis>
				<attscale Sync="TRUE">0</attscale>
			</attr>
			<attr>
				<attrlabl Sync="TRUE">EFF_DATE</attrlabl>
				<attalias Sync="TRUE">EFF_DATE</attalias>
				<attrtype Sync="TRUE">Date</attrtype>
				<attwidth Sync="TRUE">8</attwidth>
				<atprecis Sync="TRUE">0</atprecis>
				<attscale Sync="TRUE">0</attscale>
			</attr>
			<attr>
				<attrlabl Sync="TRUE">RET_DATE</attrlabl>
				<attalias Sync="TRUE">RET_DATE</attalias>
				<attrtype Sync="TRUE">Date</attrtype>
				<attwidth Sync="TRUE">8</attwidth>
				<atprecis Sync="TRUE">0</atprecis>
				<attscale Sync="TRUE">0</attscale>
			</attr>
			<attr>
				<attrlabl Sync="TRUE">EDIT_ORG</attrlabl>
				<attalias Sync="TRUE">EDIT_ORG</attalias>
				<attrtype Sync="TRUE">String</attrtype>
				<attwidth Sync="TRUE">40</attwidth>
				<atprecis Sync="TRUE">0</atprecis>
				<attscale Sync="TRUE">0</attscale>
			</attr>
			<attr>
				<attrlabl Sync="TRUE">EDIT_DATE</attrlabl>
				<attalias Sync="TRUE">EDIT_DATE</attalias>
				<attrtype Sync="TRUE">Date</attrtype>
				<attwidth Sync="TRUE">8</attwidth>
				<atprecis Sync="TRUE">0</atprecis>
				<attscale Sync="TRUE">0</attscale>
			</attr>
			<attr>
				<attrlabl Sync="TRUE">FUNCLS_FED</attrlabl>
				<attalias Sync="TRUE">FUNCLS_FED</attalias>
				<attrtype Sync="TRUE">String</attrtype>
				<attwidth Sync="TRUE">1</attwidth>
				<atprecis Sync="TRUE">0</atprecis>
				<attscale Sync="TRUE">0</attscale>
			</attr>
			<attr>
				<attrlabl Sync="TRUE">FUNCLS_MET</attrlabl>
				<attalias Sync="TRUE">FUNCLS_MET</attalias>
				<attrtype Sync="TRUE">String</attrtype>
				<attwidth Sync="TRUE">3</attwidth>
				<atprecis Sync="TRUE">0</atprecis>
				<attscale Sync="TRUE">0</attscale>
			</attr>
			<attr>
				<attrlabl Sync="TRUE">SURF_TYPE</attrlabl>
				<attalias Sync="TRUE">SURF_TYPE</attalias>
				<attrtype Sync="TRUE">String</attrtype>
				<attwidth Sync="TRUE">32</attwidth>
				<atprecis Sync="TRUE">0</atprecis>
				<attscale Sync="TRUE">0</attscale>
			</attr>
			<attr>
				<attrlabl Sync="TRUE">NUM_LANES</attrlabl>
				<attalias Sync="TRUE">NUM_LANES</attalias>
				<attrtype Sync="TRUE">Integer</attrtype>
				<attwidth Sync="TRUE">5</attwidth>
				<atprecis Sync="TRUE">5</atprecis>
				<attscale Sync="TRUE">0</attscale>
			</attr>
			<attr>
				<attrlabl Sync="TRUE">COMMENTS</attrlabl>
				<attalias Sync="TRUE">COMMENTS</attalias>
				<attrtype Sync="TRUE">String</attrtype>
				<attwidth Sync="TRUE">254</attwidth>
				<atprecis Sync="TRUE">0</atprecis>
				<attscale Sync="TRUE">0</attscale>
			</attr>
			<attr>
				<attrlabl Sync="TRUE">SHAPE_Leng</attrlabl>
				<attalias Sync="TRUE">SHAPE_Leng</attalias>
				<attrtype Sync="TRUE">Double</attrtype>
				<attwidth Sync="TRUE">19</attwidth>
				<atprecis Sync="TRUE">0</atprecis>
				<attscale Sync="TRUE">0</attscale>
			</attr>
		</detailed>
	</eainfo>
	<mdDateSt Sync="TRUE">20210309</mdDateSt>
</metadata>
